jugador_nombre,receptor_nombre,resultado
Mateo Kovačić,Marcelo Brozović,Complete
Marcelo Brozović,Mateo Kovačić,Complete
Mateo Kovačić,Luka Modrić,Complete
Luka Modrić,Ivan Perišić,Complete
Josip Juranović,Dejan Lovren,Complete
Dejan Lovren,Dominik Livaković,Complete
Dominik Livaković,Borna Sosa,Complete
Borna Sosa,Ivan Perišić,Complete
Ivan Perišić,Borna Sosa,Complete
Borna Sosa,Marko Livaja,Complete
Marko Livaja,Borna Sosa,Complete
Borna Sosa,Mateo Kovačić,Complete
Mateo Kovačić,Andrej Kramarić,Complete
Andrej Kramarić,Josip Juranović,Complete
Josip Juranović,Luka Modrić,Complete
Luka Modrić,Marko Livaja,Complete
Marcelo Brozović,Luka Modrić,Complete
Luka Modrić,Ivan Perišić,Complete
Borna Sosa,Marcelo Brozović,Complete
Marcelo Brozović,Dejan Lovren,Complete
Dejan Lovren,Josip Juranović,Complete
Josip Juranović,Dejan Lovren,Complete
Dejan Lovren,Joško Gvardiol,Complete
Joško Gvardiol,Borna Sosa,Complete
Borna Sosa,Marko Livaja,Complete
Marcelo Brozović,Luka Modrić,Complete
Luka Modrić,Dejan Lovren,Complete
Dejan Lovren,Dominik Livaković,Complete
Josip Juranović,Dominik Livaković,Complete
Marcelo Brozović,Joško Gvardiol,Complete
Joško Gvardiol,Borna Sosa,Complete
Borna Sosa,Mateo Kovačić,Complete
Mateo Kovačić,Borna Sosa,Complete
Borna Sosa,Marcelo Brozović,Complete
Marcelo Brozović,Josip Juranović,Complete
Josip Juranović,Andrej Kramarić,Complete
Andrej Kramarić,Josip Juranović,Complete
Josip Juranović,Marcelo Brozović,Complete
Marcelo Brozović,Borna Sosa,Complete
Borna Sosa,Ivan Perišić,Complete
Ivan Perišić,Borna Sosa,Complete
Borna Sosa,Joško Gvardiol,Complete
Joško Gvardiol,Dejan Lovren,Complete
Dejan Lovren,Josip Juranović,Complete
Marko Livaja,Marcelo Brozović,Complete
Marcelo Brozović,Luka Modrić,Complete
Joško Gvardiol,Marcelo Brozović,Complete
Marcelo Brozović,Dejan Lovren,Complete
Dejan Lovren,Dominik Livaković,Complete
Marcelo Brozović,Andrej Kramarić,Complete
Andrej Kramarić,Marcelo Brozović,Complete
Marcelo Brozović,Marko Livaja,Complete
Andrej Kramarić,Josip Juranović,Complete
Josip Juranović,Marko Livaja,Complete
Dominik Livaković,Borna Sosa,Complete
Borna Sosa,Mateo Kovačić,Complete
Mateo Kovačić,Borna Sosa,Complete
Ivan Perišić,Marcelo Brozović,Complete
Marcelo Brozović,Borna Sosa,Complete
Borna Sosa,Mateo Kovačić,Complete
Mateo Kovačić,Dejan Lovren,Complete
Dejan Lovren,Marcelo Brozović,Complete
Marcelo Brozović,Josip Juranović,Complete
Josip Juranović,Ivan Perišić,Complete
Ivan Perišić,Dejan Lovren,Complete
Marcelo Brozović,Joško Gvardiol,Complete
Joško Gvardiol,Borna Sosa,Complete
Borna Sosa,Andrej Kramarić,Complete
Andrej Kramarić,Mateo Kovačić,Complete
Mateo Kovačić,Borna Sosa,Complete
Borna Sosa,Marcelo Brozović,Complete
Marcelo Brozović,Borna Sosa,Complete
Borna Sosa,Mateo Kovačić,Complete
Mateo Kovačić,Josip Juranović,Complete
Dominik Livaković,Josip Juranović,Complete
Josip Juranović,Dejan Lovren,Complete
Dejan Lovren,Dominik Livaković,Complete
Dominik Livaković,Joško Gvardiol,Complete
Joško Gvardiol,Borna Sosa,Complete
Borna Sosa,Andrej Kramarić,Complete
Andrej Kramarić,Mateo Kovačić,Complete
Josip Juranović,Luka Modrić,Complete
Luka Modrić,Josip Juranović,Complete
Borna Sosa,Joško Gvardiol,Complete
Joško Gvardiol,Dejan Lovren,Complete
Dejan Lovren,Joško Gvardiol,Complete
Joško Gvardiol,Dejan Lovren,Complete
Dejan Lovren,Josip Juranović,Complete
Josip Juranović,Luka Modrić,Complete
Marcelo Brozović,Mateo Kovačić,Complete
Mateo Kovačić,Marcelo Brozović,Complete
Marcelo Brozović,Luka Modrić,Complete
Josip Juranović,Marcelo Brozović,Complete
Marcelo Brozović,Borna Sosa,Complete
Borna Sosa,Joško Gvardiol,Complete
Joško Gvardiol,Marcelo Brozović,Complete
Marcelo Brozović,Borna Sosa,Complete
Borna Sosa,Marcelo Brozović,Complete
Marcelo Brozović,Joško Gvardiol,Complete
Joško Gvardiol,Dominik Livaković,Complete
Dominik Livaković,Borna Sosa,Complete
Borna Sosa,Mateo Kovačić,Complete
Luka Modrić,Josip Juranović,Complete
Josip Juranović,Andrej Kramarić,Complete
Andrej Kramarić,Luka Modrić,Complete
Luka Modrić,Marcelo Brozović,Complete
Marcelo Brozović,Ivan Perišić,Complete
Ivan Perišić,Andrej Kramarić,Complete
Joško Gvardiol,Borna Sosa,Complete
Borna Sosa,Joško Gvardiol,Complete
Joško Gvardiol,Mateo Kovačić,Complete
Borna Sosa,Joško Gvardiol,Complete
Joško Gvardiol,Dejan Lovren,Complete
Dejan Lovren,Marcelo Brozović,Complete
Marcelo Brozović,Dejan Lovren,Complete
Dejan Lovren,Mateo Kovačić,Complete
Mateo Kovačić,Dejan Lovren,Complete
Dejan Lovren,Marcelo Brozović,Complete
Marcelo Brozović,Josip Juranović,Complete
Josip Juranović,Luka Modrić,Complete
Ivan Perišić,Dominik Livaković,Complete
Dominik Livaković,Borna Sosa,Complete
Borna Sosa,Joško Gvardiol,Complete
Joško Gvardiol,Josip Juranović,Complete
Josip Juranović,Dejan Lovren,Complete
Dejan Lovren,Josip Juranović,Complete
Josip Juranović,Luka Modrić,Complete
Luka Modrić,Mateo Kovačić,Complete
Mateo Kovačić,Andrej Kramarić,Complete
Borna Sosa,Mateo Kovačić,Complete
Mateo Kovačić,Marcelo Brozović,Complete
Marcelo Brozović,Mateo Kovačić,Complete
Mateo Kovačić,Borna Sosa,Complete
Borna Sosa,Ivan Perišić,Complete
Mateo Kovačić,Marcelo Brozović,Complete
Marcelo Brozović,Borna Sosa,Complete
Borna Sosa,Mateo Kovačić,Complete
Borna Sosa,Joško Gvardiol,Complete
Joško Gvardiol,Dejan Lovren,Complete
Dejan Lovren,Joško Gvardiol,Complete
Joško Gvardiol,Ivan Perišić,Complete
Ivan Perišić,Dejan Lovren,Complete
Dejan Lovren,Josip Juranović,Complete
Josip Juranović,Dejan Lovren,Complete
Dejan Lovren,Joško Gvardiol,Complete
Joško Gvardiol,Borna Sosa,Complete
Borna Sosa,Ivan Perišić,Complete
Ivan Perišić,Andrej Kramarić,Complete
Andrej Kramarić,Josip Juranović,Complete
Josip Juranović,Andrej Kramarić,Complete
Andrej Kramarić,Josip Juranović,Complete
Josip Juranović,Andrej Kramarić,Complete
Andrej Kramarić,Dejan Lovren,Complete
Joško Gvardiol,Marcelo Brozović,Complete
Marcelo Brozović,Borna Sosa,Complete
Borna Sosa,Joško Gvardiol,Complete
Joško Gvardiol,Dejan Lovren,Complete
Dejan Lovren,Dominik Livaković,Complete
Dominik Livaković,Marcelo Brozović,Complete
Joško Gvardiol,Mateo Kovačić,Complete
Mateo Kovačić,Marcelo Brozović,Complete
Marcelo Brozović,Andrej Kramarić,Complete
Andrej Kramarić,Luka Modrić,Complete
Luka Modrić,Andrej Kramarić,Complete
Andrej Kramarić,Marcelo Brozović,Complete
Marcelo Brozović,Borna Sosa,Complete
Borna Sosa,Mateo Kovačić,Complete
Mateo Kovačić,Marcelo Brozović,Complete
Marcelo Brozović,Borna Sosa,Complete
Ivan Perišić,Joško Gvardiol,Complete
Joško Gvardiol,Dejan Lovren,Complete
Dejan Lovren,Josip Juranović,Complete
Josip Juranović,Andrej Kramarić,Complete
Andrej Kramarić,Luka Modrić,Complete
Luka Modrić,Andrej Kramarić,Complete
Andrej Kramarić,Ivan Perišić,Complete
Ivan Perišić,Marcelo Brozović,Complete
Joško Gvardiol,Borna Sosa,Complete
Borna Sosa,Marko Livaja,Complete
Dominik Livaković,Dejan Lovren,Complete
Dejan Lovren,Josip Juranović,Complete
Josip Juranović,Dominik Livaković,Complete
Dominik Livaković,Dejan Lovren,Complete
Dejan Lovren,Joško Gvardiol,Complete
Joško Gvardiol,Borna Sosa,Complete
Borna Sosa,Marcelo Brozović,Complete
Marcelo Brozović,Dejan Lovren,Complete
Dejan Lovren,Josip Juranović,Complete
Josip Juranović,Luka Modrić,Complete
Luka Modrić,Marcelo Brozović,Complete
Marcelo Brozović,Andrej Kramarić,Complete
Luka Modrić,Andrej Kramarić,Complete
Andrej Kramarić,Marko Livaja,Complete
Marko Livaja,Andrej Kramarić,Complete
Andrej Kramarić,Ivan Perišić,Complete
Joško Gvardiol,Borna Sosa,Complete
Borna Sosa,Mateo Kovačić,Complete
Mateo Kovačić,Borna Sosa,Complete
Borna Sosa,Luka Modrić,Complete
Luka Modrić,Mateo Kovačić,Complete
Mateo Kovačić,Ivan Perišić,Complete
Ivan Perišić,Mateo Kovačić,Complete
Mateo Kovačić,Marcelo Brozović,Complete
Marcelo Brozović,Mateo Kovačić,Complete
Mateo Kovačić,Marcelo Brozović,Complete
Marcelo Brozović,Mateo Kovačić,Complete
Mateo Kovačić,Joško Gvardiol,Complete
Joško Gvardiol,Dejan Lovren,Complete
Dejan Lovren,Dominik Livaković,Complete
Marcelo Brozović,Mateo Kovačić,Complete
Mateo Kovačić,Josip Juranović,Complete
Josip Juranović,Marko Livaja,Complete
Marko Livaja,Marcelo Brozović,Complete
Mateo Kovačić,Ivan Perišić,Complete
Ivan Perišić,Joško Gvardiol,Complete
Joško Gvardiol,Borna Sosa,Complete
Borna Sosa,Ivan Perišić,Complete
Ivan Perišić,Dominik Livaković,Complete
Dominik Livaković,Dejan Lovren,Complete
Dejan Lovren,Marko Livaja,Complete
Dominik Livaković,Dejan Lovren,Complete
Josip Juranović,Dejan Lovren,Complete
Dominik Livaković,Joško Gvardiol,Complete
Joško Gvardiol,Dejan Lovren,Complete
Dejan Lovren,Luka Modrić,Complete
Luka Modrić,Marcelo Brozović,Complete
Marcelo Brozović,Borna Sosa,Complete
Borna Sosa,Joško Gvardiol,Complete
Joško Gvardiol,Marcelo Brozović,Complete
Marcelo Brozović,Luka Modrić,Complete
Luka Modrić,Josip Juranović,Complete
Josip Juranović,Andrej Kramarić,Complete
Andrej Kramarić,Marcelo Brozović,Complete
Marcelo Brozović,Andrej Kramarić,Complete
Andrej Kramarić,Borna Sosa,Complete
Dominik Livaković,Marcelo Brozović,Complete
Marcelo Brozović,Borna Sosa,Complete
Borna Sosa,Ivan Perišić,Complete
Mateo Kovačić,Marko Livaja,Complete
Luka Modrić,Andrej Kramarić,Complete
Andrej Kramarić,Luka Modrić,Complete
Josip Juranović,Luka Modrić,Complete
Luka Modrić,Marcelo Brozović,Complete
Marcelo Brozović,Mateo Kovačić,Complete
Marcelo Brozović,Borna Sosa,Complete
Borna Sosa,Marcelo Brozović,Complete
Marcelo Brozović,Borna Sosa,Complete
Joško Gvardiol,Dominik Livaković,Complete
Dominik Livaković,Luka Modrić,Complete
Luka Modrić,Marcelo Brozović,Complete
Marcelo Brozović,Ivan Perišić,Complete
Borna Sosa,Mateo Kovačić,Complete
Mateo Kovačić,Marcelo Brozović,Complete
Marcelo Brozović,Ivan Perišić,Complete
Ivan Perišić,Marcelo Brozović,Complete
Marcelo Brozović,Luka Modrić,Complete
Luka Modrić,Josip Juranović,Complete
Josip Juranović,Andrej Kramarić,Complete
Andrej Kramarić,Ivan Perišić,Complete
Ivan Perišić,Borna Sosa,Complete
Dominik Livaković,Marcelo Brozović,Complete
Marcelo Brozović,Borna Sosa,Complete
Borna Sosa,Joško Gvardiol,Complete
Joško Gvardiol,Marcelo Brozović,Complete
Marcelo Brozović,Josip Juranović,Complete
Josip Juranović,Andrej Kramarić,Complete
Andrej Kramarić,Josip Juranović,Complete
Josip Juranović,Dejan Lovren,Complete
Dejan Lovren,Luka Modrić,Complete
Luka Modrić,Joško Gvardiol,Complete
Joško Gvardiol,Borna Sosa,Complete
Borna Sosa,Ivan Perišić,Complete
Ivan Perišić,Mateo Kovačić,Complete
Mateo Kovačić,Ivan Perišić,Complete
Ivan Perišić,Mateo Kovačić,Complete
Mateo Kovačić,Marcelo Brozović,Complete
Marcelo Brozović,Joško Gvardiol,Complete
Joško Gvardiol,Mateo Kovačić,Complete
Mateo Kovačić,Luka Modrić,Complete
Luka Modrić,Marcelo Brozović,Complete
Marcelo Brozović,Luka Modrić,Complete
Dominik Livaković,Joško Gvardiol,Complete
Joško Gvardiol,Borna Sosa,Complete
Borna Sosa,Joško Gvardiol,Complete
Joško Gvardiol,Dejan Lovren,Complete
Dejan Lovren,Joško Gvardiol,Complete
Joško Gvardiol,Borna Sosa,Complete
Borna Sosa,Ivan Perišić,Complete
Ivan Perišić,Mateo Kovačić,Complete
Dejan Lovren,Joško Gvardiol,Complete
Joško Gvardiol,Marcelo Brozović,Complete
Marcelo Brozović,Andrej Kramarić,Complete
Andrej Kramarić,Josip Juranović,Complete
Josip Juranović,Luka Modrić,Complete
Luka Modrić,Mateo Kovačić,Complete
Mateo Kovačić,Marcelo Brozović,Complete
Marcelo Brozović,Ivan Perišić,Complete
Ivan Perišić,Borna Sosa,Complete
Borna Sosa,Andrej Kramarić,Complete
Andrej Kramarić,Josip Juranović,Complete
Josip Juranović,Luka Modrić,Complete
Luka Modrić,Josip Juranović,Complete
Marcelo Brozović,Joško Gvardiol,Complete
Joško Gvardiol,Borna Sosa,Complete
Borna Sosa,Marko Livaja,Complete
Marko Livaja,Mateo Kovačić,Complete
Mateo Kovačić,Marcelo Brozović,Complete
Ivan Perišić,Borna Sosa,Complete
Borna Sosa,Marcelo Brozović,Complete
Marcelo Brozović,Ivan Perišić,Complete
Ivan Perišić,Borna Sosa,Complete
Borna Sosa,Mateo Kovačić,Complete
Mateo Kovačić,Luka Modrić,Complete
Luka Modrić,Josip Juranović,Complete
Josip Juranović,Luka Modrić,Complete
Luka Modrić,Marko Livaja,Complete
Marko Livaja,Luka Modrić,Complete
Ivan Perišić,Borna Sosa,Complete
Borna Sosa,Josip Juranović,Complete
Josip Juranović,Luka Modrić,Complete
Marko Livaja,Mateo Kovačić,Complete
Mateo Kovačić,Andrej Kramarić,Complete
Andrej Kramarić,Borna Sosa,Complete
Borna Sosa,Andrej Kramarić,Complete
Andrej Kramarić,Mateo Kovačić,Complete
Mateo Kovačić,Marcelo Brozović,Complete
Marcelo Brozović,Andrej Kramarić,Complete
Andrej Kramarić,Marcelo Brozović,Complete
Marcelo Brozović,Borna Sosa,Complete
Joško Gvardiol,Dominik Livaković,Complete
Dominik Livaković,Dejan Lovren,Complete
Dejan Lovren,Josip Juranović,Complete
Josip Juranović,Dejan Lovren,Complete
Dejan Lovren,Dominik Livaković,Complete
Dominik Livaković,Joško Gvardiol,Complete
Joško Gvardiol,Dejan Lovren,Complete
Dejan Lovren,Luka Modrić,Complete
Luka Modrić,Joško Gvardiol,Complete
Joško Gvardiol,Borna Sosa,Complete
Borna Sosa,Andrej Kramarić,Complete
Andrej Kramarić,Borna Sosa,Complete
Borna Sosa,Joško Gvardiol,Complete
Joško Gvardiol,Dejan Lovren,Complete
Dejan Lovren,Josip Juranović,Complete
Josip Juranović,Luka Modrić,Complete
Luka Modrić,Marko Livaja,Complete
Marko Livaja,Mateo Kovačić,Complete
Mateo Kovačić,Borna Sosa,Complete
Luka Modrić,Josip Juranović,Complete
Josip Juranović,Luka Modrić,Complete
Luka Modrić,Borna Sosa,Complete
Borna Sosa,Mateo Kovačić,Complete
Mateo Kovačić,Marcelo Brozović,Complete
Marcelo Brozović,Borna Sosa,Complete
Borna Sosa,Ivan Perišić,Complete
Borna Sosa,Joško Gvardiol,Complete
Joško Gvardiol,Borna Sosa,Complete
Borna Sosa,Marko Livaja,Complete
Marko Livaja,Mateo Kovačić,Complete
Mateo Kovačić,Borna Sosa,Complete
Borna Sosa,Ivan Perišić,Complete
Dejan Lovren,Joško Gvardiol,Complete
Joško Gvardiol,Marko Livaja,Complete
Ivan Perišić,Mateo Kovačić,Complete
Mateo Kovačić,Joško Gvardiol,Complete
Joško Gvardiol,Borna Sosa,Complete
Borna Sosa,Ivan Perišić,Complete
Dominik Livaković,Joško Gvardiol,Complete
Joško Gvardiol,Marcelo Brozović,Complete
Marcelo Brozović,Mateo Kovačić,Complete
Mateo Kovačić,Ivan Perišić,Complete
Ivan Perišić,Andrej Kramarić,Complete
Andrej Kramarić,Luka Modrić,Complete
Luka Modrić,Marcelo Brozović,Complete
Marcelo Brozović,Joško Gvardiol,Complete
Joško Gvardiol,Mateo Kovačić,Complete
Mateo Kovačić,Marcelo Brozović,Complete
Marcelo Brozović,Borna Sosa,Complete
Borna Sosa,Andrej Kramarić,Complete
Andrej Kramarić,Luka Modrić,Complete
Borna Sosa,Ivan Perišić,Complete
Dejan Lovren,Bruno Petković,Complete
Bruno Petković,Luka Modrić,Complete
Luka Modrić,Mateo Kovačić,Complete
Mateo Kovačić,Bruno Petković,Complete
Bruno Petković,Luka Modrić,Complete
Luka Modrić,Ivan Perišić,Complete
Ivan Perišić,Mateo Kovačić,Complete
Mateo Kovačić,Bruno Petković,Complete
Bruno Petković,Ivan Perišić,Complete
Ivan Perišić,Borna Sosa,Complete
Luka Modrić,Dejan Lovren,Complete
Dejan Lovren,Mateo Kovačić,Complete
Marcelo Brozović,Joško Gvardiol,Complete
Joško Gvardiol,Ivan Perišić,Complete
Ivan Perišić,Mateo Kovačić,Complete
Mateo Kovačić,Borna Sosa,Complete
Borna Sosa,Marcelo Brozović,Complete
Marcelo Brozović,Borna Sosa,Complete
Borna Sosa,Marcelo Brozović,Complete
Marcelo Brozović,Mateo Kovačić,Complete
Mateo Kovačić,Marcelo Brozović,Complete
Marcelo Brozović,Joško Gvardiol,Complete
Joško Gvardiol,Marcelo Brozović,Complete
Marcelo Brozović,Mateo Kovačić,Complete
Mateo Kovačić,Bruno Petković,Complete
Bruno Petković,Luka Modrić,Complete
Dominik Livaković,Joško Gvardiol,Complete
Joško Gvardiol,Marcelo Brozović,Complete
Marcelo Brozović,Borna Sosa,Complete
Borna Sosa,Bruno Petković,Complete
Bruno Petković,Mateo Kovačić,Complete
Mateo Kovačić,Bruno Petković,Complete
Bruno Petković,Marcelo Brozović,Complete
Marcelo Brozović,Mateo Kovačić,Complete
Mateo Kovačić,Bruno Petković,Complete
Bruno Petković,Mario Pašalić,Complete
Mario Pašalić,Josip Juranović,Complete
Josip Juranović,Luka Modrić,Complete
Luka Modrić,Josip Juranović,Complete
Dominik Livaković,Joško Gvardiol,Complete
Joško Gvardiol,Dejan Lovren,Complete
Dejan Lovren,Luka Modrić,Complete
Luka Modrić,Borna Sosa,Complete
Borna Sosa,Mateo Kovačić,Complete
Mateo Kovačić,Marcelo Brozović,Complete
Marcelo Brozović,Ivan Perišić,Complete
Borna Sosa,Mateo Kovačić,Complete
Mateo Kovačić,Marcelo Brozović,Complete
Marcelo Brozović,Mateo Kovačić,Complete
Mateo Kovačić,Marcelo Brozović,Complete
Marcelo Brozović,Mateo Kovačić,Complete
Mateo Kovačić,Marcelo Brozović,Complete
Marcelo Brozović,Joško Gvardiol,Complete
Joško Gvardiol,Dejan Lovren,Complete
Joško Gvardiol,Mario Pašalić,Complete
Joško Gvardiol,Borna Sosa,Complete
Borna Sosa,Bruno Petković,Complete
Dominik Livaković,Joško Gvardiol,Complete
Joško Gvardiol,Borna Sosa,Complete
Borna Sosa,Mateo Kovačić,Complete
Borna Sosa,Bruno Petković,Complete
Joško Gvardiol,Ivan Perišić,Complete
Ivan Perišić,Bruno Petković,Complete
Luka Modrić,Mateo Kovačić,Complete
Mateo Kovačić,Josip Juranović,Complete
Josip Juranović,Bruno Petković,Complete
Josip Juranović,Marcelo Brozović,Complete
Marcelo Brozović,Ivan Perišić,Complete
Ivan Perišić,Mateo Kovačić,Complete
Mateo Kovačić,Ivan Perišić,Complete
Borna Sosa,Ivan Perišić,Complete
Ivan Perišić,Bruno Petković,Complete
Bruno Petković,Ivan Perišić,Complete
Dominik Livaković,Ivan Perišić,Complete
Dejan Lovren,Luka Modrić,Complete
Luka Modrić,Ivan Perišić,Complete
Ivan Perišić,Marcelo Brozović,Complete
Borna Sosa,Bruno Petković,Complete
Bruno Petković,Borna Sosa,Complete
Borna Sosa,Bruno Petković,Complete
Mario Pašalić,Luka Modrić,Complete
Luka Modrić,Dejan Lovren,Complete
Dejan Lovren,Marcelo Brozović,Complete
Marcelo Brozović,Mateo Kovačić,Complete
Mateo Kovačić,Marcelo Brozović,Complete
Marcelo Brozović,Borna Sosa,Complete
Borna Sosa,Mateo Kovačić,Complete
Mateo Kovačić,Borna Sosa,Complete
Borna Sosa,Marcelo Brozović,Complete
Marcelo Brozović,Mateo Kovačić,Complete
Mateo Kovačić,Josip Juranović,Complete
Mateo Kovačić,Luka Modrić,Complete
Luka Modrić,Mateo Kovačić,Complete
Mateo Kovačić,Luka Modrić,Complete
Luka Modrić,Josip Juranović,Complete
Josip Juranović,Mateo Kovačić,Complete
Mateo Kovačić,Luka Modrić,Complete
Luka Modrić,Joško Gvardiol,Complete
Borna Sosa,Marcelo Brozović,Complete
Marcelo Brozović,Joško Gvardiol,Complete
Joško Gvardiol,Mateo Kovačić,Complete
Mateo Kovačić,Marcelo Brozović,Complete
Marcelo Brozović,Bruno Petković,Complete
Dominik Livaković,Dejan Lovren,Complete
Dejan Lovren,Josip Juranović,Complete
Josip Juranović,Luka Modrić,Complete
Luka Modrić,Mario Pašalić,Complete
Mario Pašalić,Bruno Petković,Complete
Bruno Petković,Josip Juranović,Complete
Marcelo Brozović,Luka Modrić,Complete
Bruno Petković,Ivan Perišić,Complete
Dominik Livaković,Joško Gvardiol,Complete
Joško Gvardiol,Dominik Livaković,Complete
Dominik Livaković,Dejan Lovren,Complete
Josip Juranović,Bruno Petković,Complete
Joško Gvardiol,Bruno Petković,Complete
Bruno Petković,Ivan Perišić,Complete
Ivan Perišić,Borna Sosa,Complete
Dominik Livaković,Bruno Petković,Complete
Luka Modrić,Mario Pašalić,Complete
Mario Pašalić,Bruno Petković,Complete
Joško Gvardiol,Marcelo Brozović,Complete
Marcelo Brozović,Lovro Majer,Complete
Lovro Majer,Dominik Livaković,Complete
Dominik Livaković,Borna Sosa,Complete
Borna Sosa,Ivan Perišić,Complete
Ivan Perišić,Borna Sosa,Complete
Borna Sosa,Ivan Perišić,Complete
Dejan Lovren,Luka Modrić,Complete
Luka Modrić,Marcelo Brozović,Complete
Marcelo Brozović,Lovro Majer,Complete
Marcelo Brozović,Borna Sosa,Complete
Luka Modrić,Bruno Petković,Complete
Josip Juranović,Dejan Lovren,Complete
Dejan Lovren,Joško Gvardiol,Complete
Joško Gvardiol,Mateo Kovačić,Complete
Mateo Kovačić,Dejan Lovren,Complete
Dejan Lovren,Joško Gvardiol,Complete
Joško Gvardiol,Borna Sosa,Complete
Borna Sosa,Mateo Kovačić,Complete
Mateo Kovačić,Joško Gvardiol,Complete
Joško Gvardiol,Dejan Lovren,Complete
Dejan Lovren,Luka Modrić,Complete
Luka Modrić,Dejan Lovren,Complete
Dejan Lovren,Joško Gvardiol,Complete
Joško Gvardiol,Ivan Perišić,Complete
Luka Modrić,Marcelo Brozović,Complete
Marcelo Brozović,Luka Modrić,Complete
Dejan Lovren,Mateo Kovačić,Complete
Mateo Kovačić,Luka Modrić,Complete
Luka Modrić,Josip Juranović,Complete
Josip Juranović,Joško Gvardiol,Complete
Joško Gvardiol,Luka Modrić,Complete
Luka Modrić,Josip Juranović,Complete
Andrej Kramarić,Luka Modrić,Complete
Mateo Kovačić,Nikola Vlašić,Complete
Nikola Vlašić,Dejan Lovren,Complete
Dejan Lovren,Joško Gvardiol,Complete
Joško Gvardiol,Mateo Kovačić,Complete
Mateo Kovačić,Ivan Perišić,Complete
Ivan Perišić,Joško Gvardiol,Complete
Joško Gvardiol,Dejan Lovren,Complete
Dejan Lovren,Josip Juranović,Complete
Josip Juranović,Dejan Lovren,Complete
Dejan Lovren,Marcelo Brozović,Complete
Marcelo Brozović,Dejan Lovren,Complete
Dejan Lovren,Joško Gvardiol,Complete
Joško Gvardiol,Ivan Perišić,Complete
Mateo Kovačić,Luka Modrić,Complete
Luka Modrić,Joško Gvardiol,Complete
Luka Modrić,Marcelo Brozović,Complete
Marcelo Brozović,Joško Gvardiol,Complete
Joško Gvardiol,Mateo Kovačić,Complete
Mateo Kovačić,Joško Gvardiol,Complete
Joško Gvardiol,Marcelo Brozović,Complete
Marcelo Brozović,Mateo Kovačić,Complete
Mateo Kovačić,Luka Modrić,Complete
Luka Modrić,Marcelo Brozović,Complete
Marcelo Brozović,Luka Modrić,Complete
Luka Modrić,Borna Sosa,Complete
Borna Sosa,Mateo Kovačić,Complete
Mateo Kovačić,Joško Gvardiol,Complete
Joško Gvardiol,Luka Modrić,Complete
Luka Modrić,Joško Gvardiol,Complete
Joško Gvardiol,Mateo Kovačić,Complete
Mateo Kovačić,Luka Modrić,Complete
Luka Modrić,Ivan Perišić,Complete
Luka Modrić,Josip Juranović,Complete
Josip Juranović,Luka Modrić,Complete
Luka Modrić,Nikola Vlašić,Complete
Nikola Vlašić,Mateo Kovačić,Complete
Mateo Kovačić,Borna Sosa,Complete
Borna Sosa,Joško Gvardiol,Complete
Joško Gvardiol,Dejan Lovren,Complete
Dejan Lovren,Luka Modrić,Complete
Luka Modrić,Marcelo Brozović,Complete
Josip Juranović,Luka Modrić,Complete
Luka Modrić,Josip Juranović,Complete
Josip Juranović,Dejan Lovren,Complete
Dejan Lovren,Joško Gvardiol,Complete
Joško Gvardiol,Josip Juranović,Complete
Josip Juranović,Luka Modrić,Complete
Luka Modrić,Nikola Vlašić,Complete
Nikola Vlašić,Luka Modrić,Complete
Luka Modrić,Dejan Lovren,Complete
Dejan Lovren,Joško Gvardiol,Complete
Joško Gvardiol,Dejan Lovren,Complete
Dejan Lovren,Luka Modrić,Complete
Luka Modrić,Nikola Vlašić,Complete
Dominik Livaković,Dejan Lovren,Complete
Dejan Lovren,Joško Gvardiol,Complete
Joško Gvardiol,Dejan Lovren,Complete
Dejan Lovren,Joško Gvardiol,Complete
Joško Gvardiol,Borna Sosa,Complete
Marcelo Brozović,Joško Gvardiol,Complete
Joško Gvardiol,Borna Sosa,Complete
Borna Sosa,Mateo Kovačić,Complete
Nikola Vlašić,Andrej Kramarić,Complete
Dominik Livaković,Josip Juranović,Complete
Josip Juranović,Luka Modrić,Complete
Luka Modrić,Josip Juranović,Complete
Josip Juranović,Luka Modrić,Complete
Luka Modrić,Josip Juranović,Complete
Josip Juranović,Dejan Lovren,Complete
Dejan Lovren,Joško Gvardiol,Complete
Joško Gvardiol,Dejan Lovren,Complete
Dejan Lovren,Joško Gvardiol,Complete
Ivan Perišić,Mateo Kovačić,Complete
Mateo Kovačić,Ivan Perišić,Complete
Ivan Perišić,Luka Modrić,Complete
Josip Juranović,Dejan Lovren,Complete
Dominik Livaković,Josip Juranović,Complete
Josip Juranović,Dejan Lovren,Complete
Dejan Lovren,Joško Gvardiol,Complete
Joško Gvardiol,Borna Sosa,Complete
Borna Sosa,Joško Gvardiol,Complete
Joško Gvardiol,Dejan Lovren,Complete
Dejan Lovren,Dominik Livaković,Complete
Dominik Livaković,Joško Gvardiol,Complete
Joško Gvardiol,Marcelo Brozović,Complete
Marcelo Brozović,Joško Gvardiol,Complete
Joško Gvardiol,Marcelo Brozović,Complete
Marcelo Brozović,Mateo Kovačić,Complete
Mateo Kovačić,Joško Gvardiol,Complete
Joško Gvardiol,Dejan Lovren,Complete
Dejan Lovren,Josip Juranović,Complete
Josip Juranović,Luka Modrić,Complete
Josip Juranović,Dejan Lovren,Complete
Dejan Lovren,Joško Gvardiol,Complete
Joško Gvardiol,Luka Modrić,Complete
Luka Modrić,Josip Juranović,Complete
Borna Sosa,Dejan Lovren,Complete
Dominik Livaković,Marcelo Brozović,Complete
Marcelo Brozović,Joško Gvardiol,Complete
Joško Gvardiol,Borna Sosa,Complete
Luka Modrić,Mateo Kovačić,Complete
Mateo Kovačić,Andrej Kramarić,Complete
Andrej Kramarić,Nikola Vlašić,Complete
Luka Modrić,Mateo Kovačić,Complete
Mateo Kovačić,Andrej Kramarić,Complete
Andrej Kramarić,Joško Gvardiol,Complete
Mateo Kovačić,Nikola Vlašić,Complete
Nikola Vlašić,Luka Modrić,Complete
Ivan Perišić,Josip Juranović,Complete
Josip Juranović,Marcelo Brozović,Complete
Marcelo Brozović,Borna Sosa,Complete
Borna Sosa,Ivan Perišić,Complete
Ivan Perišić,Joško Gvardiol,Complete
Joško Gvardiol,Marcelo Brozović,Complete
Marcelo Brozović,Mateo Kovačić,Complete
Mateo Kovačić,Dejan Lovren,Complete
Dejan Lovren,Joško Gvardiol,Complete
Joško Gvardiol,Marcelo Brozović,Complete
Marcelo Brozović,Joško Gvardiol,Complete
Joško Gvardiol,Dejan Lovren,Complete
Dejan Lovren,Josip Juranović,Complete
Ivan Perišić,Nikola Vlašić,Complete
Dominik Livaković,Ivan Perišić,Complete
Ivan Perišić,Borna Sosa,Complete
Borna Sosa,Dominik Livaković,Complete
Dominik Livaković,Dejan Lovren,Complete
Dejan Lovren,Joško Gvardiol,Complete
Joško Gvardiol,Dejan Lovren,Complete
Dejan Lovren,Joško Gvardiol,Complete
Joško Gvardiol,Ivan Perišić,Complete
Ivan Perišić,Andrej Kramarić,Complete
Andrej Kramarić,Ivan Perišić,Complete
Ivan Perišić,Andrej Kramarić,Complete
Joško Gvardiol,Dejan Lovren,Complete
Dejan Lovren,Joško Gvardiol,Complete
Joško Gvardiol,Dejan Lovren,Complete
Dejan Lovren,Dominik Livaković,Complete
Dominik Livaković,Joško Gvardiol,Complete
Joško Gvardiol,Marcelo Brozović,Complete
Marcelo Brozović,Borna Sosa,Complete
Borna Sosa,Joško Gvardiol,Complete
Joško Gvardiol,Dejan Lovren,Complete
Dejan Lovren,Luka Modrić,Complete
Luka Modrić,Marcelo Brozović,Complete
Marcelo Brozović,Nikola Vlašić,Complete
Nikola Vlašić,Marcelo Brozović,Complete
Marcelo Brozović,Luka Modrić,Complete
Luka Modrić,Mateo Kovačić,Complete
Mateo Kovačić,Luka Modrić,Complete
Luka Modrić,Dejan Lovren,Complete
Dejan Lovren,Mateo Kovačić,Complete
Mateo Kovačić,Joško Gvardiol,Complete
Joško Gvardiol,Andrej Kramarić,Complete
Andrej Kramarić,Dejan Lovren,Complete
Dejan Lovren,Luka Modrić,Complete
Luka Modrić,Ivan Perišić,Complete
Ivan Perišić,Borna Sosa,Complete
Borna Sosa,Mateo Kovačić,Complete
Marcelo Brozović,Joško Gvardiol,Complete
Joško Gvardiol,Ivan Perišić,Complete
Ivan Perišić,Marcelo Brozović,Complete
Marcelo Brozović,Josip Juranović,Complete
Josip Juranović,Marcelo Brozović,Complete
Marcelo Brozović,Luka Modrić,Complete
Luka Modrić,Marcelo Brozović,Complete
Marcelo Brozović,Joško Gvardiol,Complete
Joško Gvardiol,Mateo Kovačić,Complete
Mateo Kovačić,Borna Sosa,Complete
Borna Sosa,Ivan Perišić,Complete
Ivan Perišić,Joško Gvardiol,Complete
Joško Gvardiol,Luka Modrić,Complete
Luka Modrić,Nikola Vlašić,Complete
Nikola Vlašić,Josip Juranović,Complete
Josip Juranović,Luka Modrić,Complete
Luka Modrić,Dejan Lovren,Complete
Dejan Lovren,Joško Gvardiol,Complete
Dominik Livaković,Marcelo Brozović,Complete
Marcelo Brozović,Mateo Kovačić,Complete
Mateo Kovačić,Marcelo Brozović,Complete
Marcelo Brozović,Borna Sosa,Complete
Borna Sosa,Marcelo Brozović,Complete
Marcelo Brozović,Mateo Kovačić,Complete
Mateo Kovačić,Joško Gvardiol,Complete
Joško Gvardiol,Dejan Lovren,Complete
Dejan Lovren,Marcelo Brozović,Complete
Marcelo Brozović,Dejan Lovren,Complete
Dejan Lovren,Joško Gvardiol,Complete
Joško Gvardiol,Luka Modrić,Complete
Luka Modrić,Joško Gvardiol,Complete
Joško Gvardiol,Dejan Lovren,Complete
Dejan Lovren,Luka Modrić,Complete
Luka Modrić,Borna Sosa,Complete
Mateo Kovačić,Joško Gvardiol,Complete
Joško Gvardiol,Borna Sosa,Complete
Borna Sosa,Luka Modrić,Complete
Luka Modrić,Ivan Perišić,Complete
Ivan Perišić,Luka Modrić,Complete
Ivan Perišić,Marcelo Brozović,Complete
Marcelo Brozović,Borna Sosa,Complete
Marcelo Brozović,Luka Modrić,Complete
Luka Modrić,Joško Gvardiol,Complete
Joško Gvardiol,Ivan Perišić,Complete
Ivan Perišić,Dominik Livaković,Complete
Dominik Livaković,Joško Gvardiol,Complete
Joško Gvardiol,Dejan Lovren,Complete
Dejan Lovren,Josip Juranović,Complete
Josip Juranović,Nikola Vlašić,Complete
Dejan Lovren,Marcelo Brozović,Complete
Marcelo Brozović,Joško Gvardiol,Complete
Joško Gvardiol,Borna Sosa,Complete
Borna Sosa,Mateo Kovačić,Complete
Mateo Kovačić,Josip Juranović,Complete
Josip Juranović,Marcelo Brozović,Complete
Marcelo Brozović,Luka Modrić,Complete
Luka Modrić,Mateo Kovačić,Complete
Mateo Kovačić,Andrej Kramarić,Complete
Andrej Kramarić,Nikola Vlašić,Complete
Borna Sosa,Marcelo Brozović,Complete
Marcelo Brozović,Luka Modrić,Complete
Luka Modrić,Marcelo Brozović,Complete
Marcelo Brozović,Nikola Vlašić,Complete
Marcelo Brozović,Luka Modrić,Complete
Luka Modrić,Marcelo Brozović,Complete
Marcelo Brozović,Luka Modrić,Complete
Luka Modrić,Marcelo Brozović,Complete
Marcelo Brozović,Nikola Vlašić,Complete
Joško Gvardiol,Ivan Perišić,Complete
Ivan Perišić,Marcelo Brozović,Complete
Marcelo Brozović,Josip Juranović,Complete
Josip Juranović,Luka Modrić,Complete
Luka Modrić,Josip Juranović,Complete
Luka Modrić,Marcelo Brozović,Complete
Marcelo Brozović,Mateo Kovačić,Complete
Mateo Kovačić,Luka Modrić,Complete
Luka Modrić,Marcelo Brozović,Complete
Borna Sosa,Ivan Perišić,Complete
Dominik Livaković,Joško Gvardiol,Complete
Joško Gvardiol,Nikola Vlašić,Complete
Luka Modrić,Marcelo Brozović,Complete
Marcelo Brozović,Mateo Kovačić,Complete
Mateo Kovačić,Marcelo Brozović,Complete
Marcelo Brozović,Luka Modrić,Complete
Luka Modrić,Marcelo Brozović,Complete
Marcelo Brozović,Joško Gvardiol,Complete
Joško Gvardiol,Dejan Lovren,Complete
Dejan Lovren,Marcelo Brozović,Complete
Marcelo Brozović,Luka Modrić,Complete
Mateo Kovačić,Ivan Perišić,Complete
Ivan Perišić,Borna Sosa,Complete
Borna Sosa,Nikola Vlašić,Complete
Joško Gvardiol,Borna Sosa,Complete
Mateo Kovačić,Marcelo Brozović,Complete
Marcelo Brozović,Luka Modrić,Complete
Luka Modrić,Borna Sosa,Complete
Mateo Kovačić,Borna Sosa,Complete
Borna Sosa,Ivan Perišić,Complete
Ivan Perišić,Borna Sosa,Complete
Dejan Lovren,Josip Juranović,Complete
Josip Juranović,Andrej Kramarić,Complete
Andrej Kramarić,Marcelo Brozović,Complete
Andrej Kramarić,Marcelo Brozović,Complete
Marcelo Brozović,Luka Modrić,Complete
Luka Modrić,Josip Juranović,Complete
Josip Juranović,Joško Gvardiol,Complete
Joško Gvardiol,Dejan Lovren,Complete
Dejan Lovren,Joško Gvardiol,Complete
Joško Gvardiol,Borna Sosa,Complete
Borna Sosa,Joško Gvardiol,Complete
Joško Gvardiol,Dominik Livaković,Complete
Dominik Livaković,Dejan Lovren,Complete
Dejan Lovren,Joško Gvardiol,Complete
Joško Gvardiol,Mateo Kovačić,Complete
Mateo Kovačić,Dejan Lovren,Complete
Marcelo Brozović,Mario Pašalić,Complete
Mario Pašalić,Luka Modrić,Complete
Luka Modrić,Mateo Kovačić,Complete
Mateo Kovačić,Luka Modrić,Complete
Luka Modrić,Borna Sosa,Complete
Borna Sosa,Mateo Kovačić,Complete
Mateo Kovačić,Borna Sosa,Complete
Borna Sosa,Joško Gvardiol,Complete
Joško Gvardiol,Mateo Kovačić,Complete
Mateo Kovačić,Dominik Livaković,Complete
Dominik Livaković,Joško Gvardiol,Complete
Joško Gvardiol,Mateo Kovačić,Complete
Mateo Kovačić,Borna Sosa,Complete
Borna Sosa,Ivan Perišić,Complete
Borna Sosa,Joško Gvardiol,Complete
Joško Gvardiol,Dejan Lovren,Complete
Dejan Lovren,Joško Gvardiol,Complete
Dominik Livaković,Marcelo Brozović,Complete
Marcelo Brozović,Borna Sosa,Complete
Borna Sosa,Joško Gvardiol,Complete
Joško Gvardiol,Borna Sosa,Complete
Borna Sosa,Mateo Kovačić,Complete
Marcelo Brozović,Joško Gvardiol,Complete
Joško Gvardiol,Dominik Livaković,Complete
Dominik Livaković,Joško Gvardiol,Complete
Joško Gvardiol,Andrej Kramarić,Complete
Andrej Kramarić,Borna Sosa,Complete
Borna Sosa,Andrej Kramarić,Complete
Joško Gvardiol,Andrej Kramarić,Complete
Joško Gvardiol,Dominik Livaković,Complete
Dominik Livaković,Mateo Kovačić,Complete
Borna Sosa,Marcelo Brozović,Complete
Marcelo Brozović,Luka Modrić,Complete
Josip Juranović,Marcelo Brozović,Complete
Marcelo Brozović,Mario Pašalić,Complete
Mario Pašalić,Andrej Kramarić,Complete
Andrej Kramarić,Dejan Lovren,Complete
Dejan Lovren,Ivan Perišić,Complete
Ivan Perišić,Borna Sosa,Complete
Borna Sosa,Mateo Kovačić,Complete
Mateo Kovačić,Luka Modrić,Complete
Luka Modrić,Josip Juranović,Complete
Luka Modrić,Ivan Perišić,Complete
Marcelo Brozović,Dejan Lovren,Complete
Dejan Lovren,Dominik Livaković,Complete
Dominik Livaković,Joško Gvardiol,Complete
Joško Gvardiol,Dejan Lovren,Complete
Dejan Lovren,Josip Juranović,Complete
Josip Juranović,Dejan Lovren,Complete
Dejan Lovren,Joško Gvardiol,Complete
Joško Gvardiol,Marcelo Brozović,Complete
Marcelo Brozović,Joško Gvardiol,Complete
Mario Pašalić,Dejan Lovren,Complete
Dejan Lovren,Borna Sosa,Complete
Borna Sosa,Joško Gvardiol,Complete
Joško Gvardiol,Dejan Lovren,Complete
Dejan Lovren,Marcelo Brozović,Complete
Marcelo Brozović,Luka Modrić,Complete
Luka Modrić,Ivan Perišić,Complete
Ivan Perišić,Joško Gvardiol,Complete
Joško Gvardiol,Luka Modrić,Complete
Ivan Perišić,Marcelo Brozović,Complete
Ivan Perišić,Joško Gvardiol,Complete
Luka Modrić,Josip Juranović,Complete
Josip Juranović,Joško Gvardiol,Complete
Joško Gvardiol,Dejan Lovren,Complete
Josip Juranović,Dejan Lovren,Complete
Dejan Lovren,Joško Gvardiol,Complete
Joško Gvardiol,Dejan Lovren,Complete
Dejan Lovren,Joško Gvardiol,Complete
Joško Gvardiol,Dejan Lovren,Complete
Dejan Lovren,Josip Juranović,Complete
Josip Juranović,Dejan Lovren,Complete
Dejan Lovren,Dominik Livaković,Complete
Dominik Livaković,Joško Gvardiol,Complete
Joško Gvardiol,Dejan Lovren,Complete
Dominik Livaković,Josip Juranović,Complete
Josip Juranović,Luka Modrić,Complete
Luka Modrić,Marcelo Brozović,Complete
Marcelo Brozović,Luka Modrić,Complete
Luka Modrić,Marcelo Brozović,Complete
Josip Juranović,Dejan Lovren,Complete
Dejan Lovren,Joško Gvardiol,Complete
Joško Gvardiol,Borna Sosa,Complete
Borna Sosa,Joško Gvardiol,Complete
Joško Gvardiol,Dejan Lovren,Complete
Dejan Lovren,Joško Gvardiol,Complete
Joško Gvardiol,Ivan Perišić,Complete
Luka Modrić,Marcelo Brozović,Complete
Marcelo Brozović,Joško Gvardiol,Complete
Luka Modrić,Andrej Kramarić,Complete
Joško Gvardiol,Dominik Livaković,Complete
Dominik Livaković,Dejan Lovren,Complete
Dejan Lovren,Joško Gvardiol,Complete
Joško Gvardiol,Mateo Kovačić,Complete
Mateo Kovačić,Borna Sosa,Complete
Borna Sosa,Mateo Kovačić,Complete
Mateo Kovačić,Mario Pašalić,Complete
Mario Pašalić,Mateo Kovačić,Complete
Mateo Kovačić,Joško Gvardiol,Complete
Joško Gvardiol,Andrej Kramarić,Complete
Ivan Perišić,Dejan Lovren,Complete
Dejan Lovren,Joško Gvardiol,Complete
Joško Gvardiol,Dejan Lovren,Complete
Dejan Lovren,Marcelo Brozović,Complete
Marcelo Brozović,Dejan Lovren,Complete
Dejan Lovren,Joško Gvardiol,Complete
Joško Gvardiol,Marcelo Brozović,Complete
Dejan Lovren,Marcelo Brozović,Complete
Marcelo Brozović,Mateo Kovačić,Complete
Mateo Kovačić,Borna Sosa,Complete
Borna Sosa,Ivan Perišić,Complete
Ivan Perišić,Mateo Kovačić,Complete
Mateo Kovačić,Marcelo Brozović,Complete
Marcelo Brozović,Mateo Kovačić,Complete
Mateo Kovačić,Dejan Lovren,Complete
Dejan Lovren,Josip Juranović,Complete
Josip Juranović,Dejan Lovren,Complete
Dejan Lovren,Josip Juranović,Complete
Josip Juranović,Dejan Lovren,Complete
Dejan Lovren,Luka Modrić,Complete
Luka Modrić,Marcelo Brozović,Complete
Marcelo Brozović,Borna Sosa,Complete
Borna Sosa,Marcelo Brozović,Complete
Marcelo Brozović,Luka Modrić,Complete
Luka Modrić,Marcelo Brozović,Complete
Marcelo Brozović,Luka Modrić,Complete
Luka Modrić,Joško Gvardiol,Complete
Joško Gvardiol,Marcelo Brozović,Complete
Marcelo Brozović,Borna Sosa,Complete
Borna Sosa,Marcelo Brozović,Complete
Marcelo Brozović,Joško Gvardiol,Complete
Joško Gvardiol,Mateo Kovačić,Complete
Mateo Kovačić,Joško Gvardiol,Complete
Joško Gvardiol,Marcelo Brozović,Complete
Marcelo Brozović,Joško Gvardiol,Complete
Mateo Kovačić,Marcelo Brozović,Complete
Marcelo Brozović,Dejan Lovren,Complete
Dejan Lovren,Luka Modrić,Complete
Luka Modrić,Josip Juranović,Complete
Josip Juranović,Luka Modrić,Complete
Luka Modrić,Josip Juranović,Complete
Josip Juranović,Borna Sosa,Complete
Luka Modrić,Marko Livaja,Complete
Marko Livaja,Mateo Kovačić,Complete
Mateo Kovačić,Luka Modrić,Complete
Luka Modrić,Marcelo Brozović,Complete
Marcelo Brozović,Mateo Kovačić,Complete
Mateo Kovačić,Marcelo Brozović,Complete
Marcelo Brozović,Mateo Kovačić,Complete
Mateo Kovačić,Marcelo Brozović,Complete
Marcelo Brozović,Ivan Perišić,Complete
Ivan Perišić,Marcelo Brozović,Complete
Marcelo Brozović,Ivan Perišić,Complete
Ivan Perišić,Marcelo Brozović,Complete
Marcelo Brozović,Ivan Perišić,Complete
Ivan Perišić,Joško Gvardiol,Complete
Joško Gvardiol,Dejan Lovren,Complete
Dejan Lovren,Joško Gvardiol,Complete
Joško Gvardiol,Marcelo Brozović,Complete
Marcelo Brozović,Joško Gvardiol,Complete
Joško Gvardiol,Luka Modrić,Complete
Luka Modrić,Mario Pašalić,Complete
Mario Pašalić,Josip Juranović,Complete
Josip Juranović,Mario Pašalić,Complete
Mario Pašalić,Borna Sosa,Complete
Borna Sosa,Ivan Perišić,Complete
Ivan Perišić,Borna Sosa,Complete
Borna Sosa,Marcelo Brozović,Complete
Marcelo Brozović,Borna Sosa,Complete
Borna Sosa,Ivan Perišić,Complete
Ivan Perišić,Mateo Kovačić,Complete
Joško Gvardiol,Mateo Kovačić,Complete
Dejan Lovren,Mateo Kovačić,Complete
Mateo Kovačić,Mario Pašalić,Complete
Mario Pašalić,Marko Livaja,Complete
Josip Juranović,Marcelo Brozović,Complete
Marcelo Brozović,Luka Modrić,Complete
Luka Modrić,Marcelo Brozović,Complete
Marcelo Brozović,Luka Modrić,Complete
Luka Modrić,Marcelo Brozović,Complete
Marcelo Brozović,Luka Modrić,Complete
Luka Modrić,Joško Gvardiol,Complete
Joško Gvardiol,Borna Sosa,Complete
Josip Juranović,Luka Modrić,Complete
Luka Modrić,Josip Juranović,Complete
Josip Juranović,Marcelo Brozović,Complete
Luka Modrić,Ivan Perišić,Complete
Borna Sosa,Luka Modrić,Complete
Luka Modrić,Ivan Perišić,Complete
Dominik Livaković,Dejan Lovren,Complete
Dejan Lovren,Marcelo Brozović,Complete
Marcelo Brozović,Josip Juranović,Complete
Josip Juranović,Joško Gvardiol,Complete
Joško Gvardiol,Dejan Lovren,Complete
Dejan Lovren,Marcelo Brozović,Complete
Marcelo Brozović,Dejan Lovren,Complete
Dejan Lovren,Dominik Livaković,Complete
Dominik Livaković,Joško Gvardiol,Complete
Joško Gvardiol,Dejan Lovren,Complete
Dejan Lovren,Luka Modrić,Complete
Dejan Lovren,Marcelo Brozović,Complete
Marcelo Brozović,Mario Pašalić,Complete
Mario Pašalić,Josip Juranović,Complete
Josip Juranović,Marcelo Brozović,Complete
Josip Juranović,Lovro Majer,Complete
Lovro Majer,Josip Juranović,Complete
Josip Juranović,Ivan Perišić,Complete
Luka Modrić,Mario Pašalić,Complete
Mario Pašalić,Borna Sosa,Complete
Borna Sosa,Lovro Majer,Complete
Lovro Majer,Borna Sosa,Complete
Borna Sosa,Mario Pašalić,Complete
Mario Pašalić,Borna Sosa,Complete
Marcelo Brozović,Josip Juranović,Complete
Josip Juranović,Marcelo Brozović,Complete
Dominik Livaković,Dejan Lovren,Complete
Dejan Lovren,Joško Gvardiol,Complete
Joško Gvardiol,Dejan Lovren,Complete
Dejan Lovren,Josip Juranović,Complete
Josip Juranović,Dejan Lovren,Complete
Dejan Lovren,Joško Gvardiol,Complete
Joško Gvardiol,Borna Sosa,Complete
Borna Sosa,Mario Pašalić,Complete
Mario Pašalić,Luka Modrić,Complete
Dominik Livaković,Marcelo Brozović,Complete
Luka Modrić,Mario Pašalić,Complete
Borna Sosa,Mario Pašalić,Complete
Mario Pašalić,Luka Modrić,Complete
Dejan Lovren,Marcelo Brozović,Complete
Marcelo Brozović,Joško Gvardiol,Complete
Joško Gvardiol,Mario Pašalić,Complete
Mario Pašalić,Joško Gvardiol,Complete
Joško Gvardiol,Dejan Lovren,Complete
Dejan Lovren,Joško Gvardiol,Complete
Joško Gvardiol,Borna Sosa,Complete
Joško Gvardiol,Lovro Majer,Complete
Lovro Majer,Luka Modrić,Complete
Luka Modrić,Lovro Majer,Complete
Lovro Majer,Luka Modrić,Complete
Luka Modrić,Lovro Majer,Complete
Lovro Majer,Borna Sosa,Complete
Borna Sosa,Joško Gvardiol,Complete
Joško Gvardiol,Dejan Lovren,Complete
Dejan Lovren,Dominik Livaković,Complete
Dominik Livaković,Luka Modrić,Complete
Luka Modrić,Borna Sosa,Complete
Borna Sosa,Mario Pašalić,Complete
Mario Pašalić,Dejan Lovren,Complete
Josip Juranović,Marko Livaja,Complete
Dominik Livaković,Lovro Majer,Complete
Lovro Majer,Borna Sosa,Complete
Borna Sosa,Joško Gvardiol,Complete
Joško Gvardiol,Luka Modrić,Complete
Luka Modrić,Dejan Lovren,Complete
Dejan Lovren,Mario Pašalić,Complete
Joško Gvardiol,Dejan Lovren,Complete
Dejan Lovren,Joško Gvardiol,Complete
Joško Gvardiol,Marcelo Brozović,Complete
Josip Juranović,Dejan Lovren,Complete
Dejan Lovren,Luka Modrić,Complete
Luka Modrić,Joško Gvardiol,Complete
Joško Gvardiol,Borna Sosa,Complete
Borna Sosa,Marko Livaja,Complete
Marko Livaja,Lovro Majer,Complete
Lovro Majer,Marko Livaja,Complete
Joško Gvardiol,Dejan Lovren,Complete
Dejan Lovren,Luka Modrić,Complete
Luka Modrić,Lovro Majer,Complete
Lovro Majer,Dejan Lovren,Complete
Dejan Lovren,Joško Gvardiol,Complete
Joško Gvardiol,Marko Livaja,Complete
Marko Livaja,Lovro Majer,Complete
Dejan Lovren,Marcelo Brozović,Complete
Marcelo Brozović,Josip Juranović,Complete
Dejan Lovren,Lovro Majer,Complete
Marcelo Brozović,Luka Modrić,Complete
Luka Modrić,Joško Gvardiol,Complete
Joško Gvardiol,Borna Sosa,Complete
Borna Sosa,Mislav Oršić,Complete
Mislav Oršić,Marko Livaja,Complete
Lovro Majer,Marko Livaja,Complete
Marko Livaja,Marcelo Brozović,Complete
Marcelo Brozović,Borna Sosa,Complete
Borna Sosa,Joško Gvardiol,Complete
Joško Gvardiol,Dejan Lovren,Complete
Dejan Lovren,Joško Gvardiol,Complete
Joško Gvardiol,Borna Sosa,Complete
Borna Sosa,Marko Livaja,Complete
Marko Livaja,Dejan Lovren,Complete
Josip Juranović,Marko Livaja,Complete
Marcelo Brozović,Josip Juranović,Complete
Josip Juranović,Dominik Livaković,Complete
Dominik Livaković,Joško Gvardiol,Complete
Joško Gvardiol,Borna Sosa,Complete
Borna Sosa,Joško Gvardiol,Complete
Joško Gvardiol,Dejan Lovren,Complete
Dejan Lovren,Joško Gvardiol,Complete
Joško Gvardiol,Marko Livaja,Complete
Marcelo Brozović,Dejan Lovren,Complete
Dejan Lovren,Josip Juranović,Complete
Josip Juranović,Andrej Kramarić,Complete
Josip Juranović,Dejan Lovren,Complete
Dejan Lovren,Dominik Livaković,Complete
Dominik Livaković,Dejan Lovren,Complete
Mateo Kovačić,Andrej Kramarić,Complete
Andrej Kramarić,Marcelo Brozović,Complete
Marcelo Brozović,Josip Juranović,Complete
Josip Juranović,Dejan Lovren,Complete
Dejan Lovren,Dominik Livaković,Complete
Dominik Livaković,Borna Sosa,Complete
Borna Sosa,Joško Gvardiol,Complete
Joško Gvardiol,Dejan Lovren,Complete
Dejan Lovren,Josip Juranović,Complete
Josip Juranović,Dejan Lovren,Complete
Dejan Lovren,Marcelo Brozović,Complete
Marcelo Brozović,Dejan Lovren,Complete
Dejan Lovren,Marcelo Brozović,Complete
Marcelo Brozović,Joško Gvardiol,Complete
Joško Gvardiol,Mateo Kovačić,Complete
Mateo Kovačić,Ivan Perišić,Complete
Ivan Perišić,Andrej Kramarić,Complete
Josip Juranović,Joško Gvardiol,Complete
Joško Gvardiol,Dejan Lovren,Complete
Dejan Lovren,Josip Juranović,Complete
Luka Modrić,Joško Gvardiol,Complete
Joško Gvardiol,Marcelo Brozović,Complete
Marcelo Brozović,Joško Gvardiol,Complete
Joško Gvardiol,Borna Sosa,Complete
Borna Sosa,Ivan Perišić,Complete
Ivan Perišić,Marko Livaja,Complete
Borna Sosa,Ivan Perišić,Complete
Ivan Perišić,Luka Modrić,Complete
Luka Modrić,Marcelo Brozović,Complete
Marcelo Brozović,Mateo Kovačić,Complete
Mateo Kovačić,Andrej Kramarić,Complete
Marcelo Brozović,Mateo Kovačić,Complete
Mateo Kovačić,Luka Modrić,Complete
Luka Modrić,Ivan Perišić,Complete
Ivan Perišić,Borna Sosa,Complete
Borna Sosa,Marko Livaja,Complete
Dejan Lovren,Josip Juranović,Complete
Josip Juranović,Dejan Lovren,Complete
Dejan Lovren,Borna Sosa,Complete
Borna Sosa,Joško Gvardiol,Complete
Joško Gvardiol,Dejan Lovren,Complete
Dejan Lovren,Luka Modrić,Complete
Luka Modrić,Marcelo Brozović,Complete
Marcelo Brozović,Ivan Perišić,Complete
Ivan Perišić,Luka Modrić,Complete
Luka Modrić,Andrej Kramarić,Complete
Josip Juranović,Marcelo Brozović,Complete
Marcelo Brozović,Mateo Kovačić,Complete
Mateo Kovačić,Ivan Perišić,Complete
Luka Modrić,Andrej Kramarić,Complete
Andrej Kramarić,Luka Modrić,Complete
Mateo Kovačić,Borna Sosa,Complete
Joško Gvardiol,Dejan Lovren,Complete
Dejan Lovren,Ivan Perišić,Complete
Mateo Kovačić,Ivan Perišić,Complete
Ivan Perišić,Luka Modrić,Complete
Dejan Lovren,Joško Gvardiol,Complete
Joško Gvardiol,Borna Sosa,Complete
Borna Sosa,Joško Gvardiol,Complete
Joško Gvardiol,Dejan Lovren,Complete
Dejan Lovren,Josip Juranović,Complete
Josip Juranović,Luka Modrić,Complete
Luka Modrić,Marcelo Brozović,Complete
Marcelo Brozović,Luka Modrić,Complete
Luka Modrić,Marcelo Brozović,Complete
Josip Juranović,Marcelo Brozović,Complete
Marcelo Brozović,Josip Juranović,Complete
Josip Juranović,Marcelo Brozović,Complete
Marcelo Brozović,Andrej Kramarić,Complete
Andrej Kramarić,Marcelo Brozović,Complete
Marcelo Brozović,Luka Modrić,Complete
Luka Modrić,Andrej Kramarić,Complete
Andrej Kramarić,Luka Modrić,Complete
Luka Modrić,Marcelo Brozović,Complete
Borna Sosa,Joško Gvardiol,Complete
Joško Gvardiol,Dejan Lovren,Complete
Dejan Lovren,Mateo Kovačić,Complete
Mateo Kovačić,Joško Gvardiol,Complete
Joško Gvardiol,Borna Sosa,Complete
Borna Sosa,Mateo Kovačić,Complete
Mateo Kovačić,Luka Modrić,Complete
Marcelo Brozović,Mateo Kovačić,Complete
Mateo Kovačić,Luka Modrić,Complete
Luka Modrić,Marcelo Brozović,Complete
Marcelo Brozović,Borna Sosa,Complete
Josip Juranović,Ivan Perišić,Complete
Dominik Livaković,Dejan Lovren,Complete
Dejan Lovren,Joško Gvardiol,Complete
Joško Gvardiol,Borna Sosa,Complete
Borna Sosa,Joško Gvardiol,Complete
Joško Gvardiol,Mateo Kovačić,Complete
Mateo Kovačić,Dejan Lovren,Complete
Dejan Lovren,Josip Juranović,Complete
Borna Sosa,Ivan Perišić,Complete
Ivan Perišić,Borna Sosa,Complete
Borna Sosa,Andrej Kramarić,Complete
Andrej Kramarić,Luka Modrić,Complete
Joško Gvardiol,Marcelo Brozović,Complete
Marcelo Brozović,Mateo Kovačić,Complete
Mateo Kovačić,Borna Sosa,Complete
Borna Sosa,Marko Livaja,Complete
Marko Livaja,Marcelo Brozović,Complete
Marcelo Brozović,Mateo Kovačić,Complete
Mateo Kovačić,Dejan Lovren,Complete
Dejan Lovren,Joško Gvardiol,Complete
Joško Gvardiol,Mateo Kovačić,Complete
Mateo Kovačić,Marcelo Brozović,Complete
Marcelo Brozović,Dejan Lovren,Complete
Dejan Lovren,Josip Juranović,Complete
Josip Juranović,Andrej Kramarić,Complete
Andrej Kramarić,Dejan Lovren,Complete
Dejan Lovren,Marcelo Brozović,Complete
Marcelo Brozović,Luka Modrić,Complete
Luka Modrić,Joško Gvardiol,Complete
Joško Gvardiol,Borna Sosa,Complete
Dejan Lovren,Marcelo Brozović,Complete
Marcelo Brozović,Dejan Lovren,Complete
Dejan Lovren,Mateo Kovačić,Complete
Mateo Kovačić,Marko Livaja,Complete
Ivan Perišić,Mateo Kovačić,Complete
Mateo Kovačić,Dejan Lovren,Complete
Dejan Lovren,Marcelo Brozović,Complete
Borna Sosa,Ivan Perišić,Complete
Ivan Perišić,Joško Gvardiol,Complete
Joško Gvardiol,Dejan Lovren,Complete
Dejan Lovren,Josip Juranović,Complete
Josip Juranović,Andrej Kramarić,Complete
Andrej Kramarić,Luka Modrić,Complete
Luka Modrić,Marcelo Brozović,Complete
Joško Gvardiol,Ivan Perišić,Complete
Ivan Perišić,Mateo Kovačić,Complete
Borna Sosa,Mateo Kovačić,Complete
Mateo Kovačić,Luka Modrić,Complete
Luka Modrić,Andrej Kramarić,Complete
Andrej Kramarić,Marcelo Brozović,Complete
Marcelo Brozović,Mateo Kovačić,Complete
Mateo Kovačić,Marko Livaja,Complete
Marko Livaja,Ivan Perišić,Complete
Joško Gvardiol,Dejan Lovren,Complete
Dejan Lovren,Joško Gvardiol,Complete
Joško Gvardiol,Mateo Kovačić,Complete
Mateo Kovačić,Marcelo Brozović,Complete
Borna Sosa,Joško Gvardiol,Complete
Joško Gvardiol,Marcelo Brozović,Complete
Marcelo Brozović,Joško Gvardiol,Complete
Joško Gvardiol,Marko Livaja,Complete
Marko Livaja,Ivan Perišić,Complete
Ivan Perišić,Borna Sosa,Complete
Dejan Lovren,Joško Gvardiol,Complete
Joško Gvardiol,Marcelo Brozović,Complete
Marcelo Brozović,Mateo Kovačić,Complete
Mateo Kovačić,Ivan Perišić,Complete
Luka Modrić,Josip Juranović,Complete
Josip Juranović,Luka Modrić,Complete
Luka Modrić,Joško Gvardiol,Complete
Joško Gvardiol,Borna Sosa,Complete
Borna Sosa,Joško Gvardiol,Complete
Joško Gvardiol,Dominik Livaković,Complete
Dominik Livaković,Dejan Lovren,Complete
Dejan Lovren,Josip Juranović,Complete
Andrej Kramarić,Luka Modrić,Complete
Luka Modrić,Andrej Kramarić,Complete
Andrej Kramarić,Luka Modrić,Complete
Andrej Kramarić,Borna Sosa,Complete
Josip Juranović,Luka Modrić,Complete
Luka Modrić,Josip Juranović,Complete
Josip Juranović,Luka Modrić,Complete
Dejan Lovren,Luka Modrić,Complete
Luka Modrić,Marcelo Brozović,Complete
Marcelo Brozović,Andrej Kramarić,Complete
Andrej Kramarić,Borna Sosa,Complete
Borna Sosa,Mateo Kovačić,Complete
Mateo Kovačić,Marcelo Brozović,Complete
Marcelo Brozović,Joško Gvardiol,Complete
Joško Gvardiol,Luka Modrić,Complete
Luka Modrić,Mateo Kovačić,Complete
Mateo Kovačić,Marko Livaja,Complete
Andrej Kramarić,Borna Sosa,Complete
Borna Sosa,Andrej Kramarić,Complete
Andrej Kramarić,Joško Gvardiol,Complete
Joško Gvardiol,Mateo Kovačić,Complete
Mateo Kovačić,Ivan Perišić,Complete
Ivan Perišić,Andrej Kramarić,Complete
Andrej Kramarić,Mateo Kovačić,Complete
Mateo Kovačić,Marcelo Brozović,Complete
Marcelo Brozović,Andrej Kramarić,Complete
Andrej Kramarić,Ivan Perišić,Complete
Borna Sosa,Dominik Livaković,Complete
Dominik Livaković,Dejan Lovren,Complete
Dejan Lovren,Borna Sosa,Complete
Borna Sosa,Joško Gvardiol,Complete
Joško Gvardiol,Dejan Lovren,Complete
Dejan Lovren,Josip Juranović,Complete
Josip Juranović,Luka Modrić,Complete
Josip Juranović,Dejan Lovren,Complete
Dejan Lovren,Joško Gvardiol,Complete
Joško Gvardiol,Dejan Lovren,Complete
Dejan Lovren,Marcelo Brozović,Complete
Marcelo Brozović,Josip Juranović,Complete
Josip Juranović,Luka Modrić,Complete
Mateo Kovačić,Marcelo Brozović,Complete
Marcelo Brozović,Luka Modrić,Complete
Luka Modrić,Borna Sosa,Complete
Borna Sosa,Ivan Perišić,Complete
Ivan Perišić,Mateo Kovačić,Complete
Mateo Kovačić,Luka Modrić,Complete
Luka Modrić,Joško Gvardiol,Complete
Joško Gvardiol,Dejan Lovren,Complete
Dejan Lovren,Josip Juranović,Complete
Josip Juranović,Andrej Kramarić,Complete
Andrej Kramarić,Josip Juranović,Complete
Josip Juranović,Marko Livaja,Complete
Andrej Kramarić,Marcelo Brozović,Complete
Marcelo Brozović,Ivan Perišić,Complete
Ivan Perišić,Marko Livaja,Complete
Marko Livaja,Ivan Perišić,Complete
Mateo Kovačić,Borna Sosa,Complete
Borna Sosa,Ivan Perišić,Complete
Ivan Perišić,Borna Sosa,Complete
Joško Gvardiol,Mateo Kovačić,Complete
Mateo Kovačić,Borna Sosa,Complete
Borna Sosa,Ivan Perišić,Complete
Dejan Lovren,Andrej Kramarić,Complete
Ivan Perišić,Andrej Kramarić,Complete
Mateo Kovačić,Marcelo Brozović,Complete
Marcelo Brozović,Andrej Kramarić,Complete
Andrej Kramarić,Marcelo Brozović,Complete
Marcelo Brozović,Mateo Kovačić,Complete
Ivan Perišić,Marko Livaja,Complete
Mateo Kovačić,Ivan Perišić,Complete
Ivan Perišić,Luka Modrić,Complete
Luka Modrić,Marcelo Brozović,Complete
Marcelo Brozović,Luka Modrić,Complete
Luka Modrić,Marcelo Brozović,Complete
Marcelo Brozović,Luka Modrić,Complete
Luka Modrić,Borna Sosa,Complete
Borna Sosa,Andrej Kramarić,Complete
Borna Sosa,Joško Gvardiol,Complete
Joško Gvardiol,Dejan Lovren,Complete
Dejan Lovren,Joško Gvardiol,Complete
Joško Gvardiol,Marcelo Brozović,Complete
Marcelo Brozović,Josip Juranović,Complete
Josip Juranović,Luka Modrić,Complete
Luka Modrić,Marcelo Brozović,Complete
Marcelo Brozović,Joško Gvardiol,Complete
Joško Gvardiol,Borna Sosa,Complete
Borna Sosa,Ivan Perišić,Complete
Ivan Perišić,Marko Livaja,Complete
Borna Sosa,Ivan Perišić,Complete
Dominik Livaković,Joško Gvardiol,Complete
Joško Gvardiol,Borna Sosa,Complete
Joško Gvardiol,Mateo Kovačić,Complete
Mateo Kovačić,Dejan Lovren,Complete
Dejan Lovren,Josip Juranović,Complete
Josip Juranović,Andrej Kramarić,Complete
Andrej Kramarić,Luka Modrić,Complete
Luka Modrić,Andrej Kramarić,Complete
Andrej Kramarić,Luka Modrić,Complete
Luka Modrić,Josip Juranović,Complete
Josip Juranović,Marcelo Brozović,Complete
Marcelo Brozović,Luka Modrić,Complete
Ivan Perišić,Marcelo Brozović,Complete
Marcelo Brozović,Joško Gvardiol,Complete
Borna Sosa,Joško Gvardiol,Complete
Marcelo Brozović,Marko Livaja,Complete
Dejan Lovren,Borna Sosa,Complete
Borna Sosa,Marko Livaja,Complete
Marko Livaja,Mateo Kovačić,Complete
Mateo Kovačić,Andrej Kramarić,Complete
Andrej Kramarić,Borna Sosa,Complete
Borna Sosa,Joško Gvardiol,Complete
Marcelo Brozović,Josip Juranović,Complete
Luka Modrić,Marcelo Brozović,Complete
Marcelo Brozović,Dominik Livaković,Complete
Dominik Livaković,Marcelo Brozović,Complete
Marcelo Brozović,Andrej Kramarić,Complete
Andrej Kramarić,Dominik Livaković,Complete
Mateo Kovačić,Borna Sosa,Complete
Borna Sosa,Ivan Perišić,Complete
Ivan Perišić,Borna Sosa,Complete
Borna Sosa,Marcelo Brozović,Complete
Marcelo Brozović,Luka Modrić,Complete
Luka Modrić,Andrej Kramarić,Complete
Andrej Kramarić,Luka Modrić,Complete
Luka Modrić,Marcelo Brozović,Complete
Marcelo Brozović,Luka Modrić,Complete
Luka Modrić,Andrej Kramarić,Complete
Mateo Kovačić,Luka Modrić,Complete
Luka Modrić,Mateo Kovačić,Complete
Borna Sosa,Joško Gvardiol,Complete
Joško Gvardiol,Mateo Kovačić,Complete
Mateo Kovačić,Marcelo Brozović,Complete
Marcelo Brozović,Luka Modrić,Complete
Luka Modrić,Marcelo Brozović,Complete
Marcelo Brozović,Josip Juranović,Complete
Josip Juranović,Marko Livaja,Complete
Marko Livaja,Andrej Kramarić,Complete
Andrej Kramarić,Marko Livaja,Complete
Ivan Perišić,Mateo Kovačić,Complete
Borna Sosa,Ivan Perišić,Complete
Marcelo Brozović,Ivan Perišić,Complete
Ivan Perišić,Luka Modrić,Complete
Luka Modrić,Borna Sosa,Complete
Borna Sosa,Marko Livaja,Complete
Borna Sosa,Bruno Petković,Complete
Borna Sosa,Mateo Kovačić,Complete
Mateo Kovačić,Borna Sosa,Complete
Borna Sosa,Ivan Perišić,Complete
Ivan Perišić,Bruno Petković,Complete
Dominik Livaković,Bruno Petković,Complete
Bruno Petković,Ivan Perišić,Complete
Ivan Perišić,Bruno Petković,Complete
Dejan Lovren,Andrej Kramarić,Complete
Andrej Kramarić,Luka Modrić,Complete
Luka Modrić,Josip Juranović,Complete
Josip Juranović,Dejan Lovren,Complete
Dejan Lovren,Joško Gvardiol,Complete
Joško Gvardiol,Dominik Livaković,Complete
Borna Sosa,Bruno Petković,Complete
Bruno Petković,Ivan Perišić,Complete
Ivan Perišić,Borna Sosa,Complete
Borna Sosa,Ivan Perišić,Complete
Ivan Perišić,Mateo Kovačić,Complete
Mateo Kovačić,Ivan Perišić,Complete
Josip Juranović,Luka Modrić,Complete
Luka Modrić,Marcelo Brozović,Complete
Marcelo Brozović,Dejan Lovren,Complete
Dejan Lovren,Dominik Livaković,Complete
Luka Modrić,Bruno Petković,Complete
Joško Gvardiol,Ivan Perišić,Complete
Ivan Perišić,Josip Juranović,Complete
Josip Juranović,Dominik Livaković,Complete
Dominik Livaković,Josip Juranović,Complete
Marcelo Brozović,Andrej Kramarić,Complete
Andrej Kramarić,Luka Modrić,Complete
Luka Modrić,Mateo Kovačić,Complete
Mateo Kovačić,Marcelo Brozović,Complete
Marcelo Brozović,Ivan Perišić,Complete
Ivan Perišić,Andrej Kramarić,Complete
Mateo Kovačić,Luka Modrić,Complete
Luka Modrić,Andrej Kramarić,Complete
Andrej Kramarić,Luka Modrić,Complete
Luka Modrić,Andrej Kramarić,Complete
Ivan Perišić,Nikola Vlašić,Complete
Mateo Kovačić,Luka Modrić,Complete
Luka Modrić,Marcelo Brozović,Complete
Marcelo Brozović,Josip Juranović,Complete
Josip Juranović,Marcelo Brozović,Complete
Marcelo Brozović,Dejan Lovren,Complete
Dejan Lovren,Josip Juranović,Complete
Josip Juranović,Dominik Livaković,Complete
Luka Modrić,Marcelo Brozović,Complete
Dominik Livaković,Bruno Petković,Complete
Bruno Petković,Nikola Vlašić,Complete
Luka Modrić,Mateo Kovačić,Complete
Mateo Kovačić,Ivan Perišić,Complete
Mateo Kovačić,Marcelo Brozović,Complete
Josip Juranović,Bruno Petković,Complete
Bruno Petković,Josip Juranović,Complete
Josip Juranović,Luka Modrić,Complete
Luka Modrić,Josip Juranović,Complete
Josip Juranović,Luka Modrić,Complete
Nikola Vlašić,Josip Juranović,Complete
Mario Pašalić,Lovro Majer,Complete
Marcelo Brozović,Nikola Vlašić,Complete
Nikola Vlašić,Josip Juranović,Complete
Josip Juranović,Dejan Lovren,Complete
Borna Sosa,Bruno Petković,Complete
Mario Pašalić,Nikola Vlašić,Complete
Nikola Vlašić,Josip Juranović,Complete
Josip Juranović,Lovro Majer,Complete
Lovro Majer,Dejan Lovren,Complete
Dejan Lovren,Dominik Livaković,Complete
Dominik Livaković,Bruno Petković,Complete
Bruno Petković,Mario Pašalić,Complete
Mario Pašalić,Mislav Oršić,Complete
Mislav Oršić,Nikola Vlašić,Complete
Nikola Vlašić,Bruno Petković,Complete
Bruno Petković,Mislav Oršić,Complete
Mario Pašalić,Lovro Majer,Complete
Marcelo Brozović,Dominik Livaković,Complete
Dominik Livaković,Bruno Petković,Complete
Dominik Livaković,Bruno Petković,Complete
Mislav Oršić,Lovro Majer,Complete
Borna Sosa,Bruno Petković,Complete
Lovro Majer,Marcelo Brozović,Complete
Mario Pašalić,Mislav Oršić,Complete
Mislav Oršić,Bruno Petković,Complete
